Verificar erro no sistema Apollo;Posssível erro de cadastro de usuários
Corrigir erro no sistema Apollo;Corrigir erro de cadastro de usuários
Ir na lotérica;Depositar dinheiro 
Verificar erro no sistema Apollo;Posssível erro de cadastro de usuários
Verificar erro no sistema Apollo;Posssível erro de cadastro de usuários
Verificar erro no sistema Apollo;Posssível erro de cadastro de usuários
Verificar erro no sistema Apollo;Posssível erro de cadastro de usuários
Verificar erro no sistema Apollo;Posssível erro de cadastro de usuários
Verificar erro no sistema Apollo;Posssível erro de cadastro de usuários
Verificar erro no sistema Apollo;Posssível erro de cadastro de usuários
Verificar erro no sistema Apollo;Posssível erro de cadastro de usuários
Verificar erro no sistema Apollo;Posssível erro de cadastro de usuários
Verificar erro no sistema Apollo;Posssível erro de cadastro de usuários
Verificar erro no sistema Apollo;Posssível erro de cadastro de usuários
Verificar erro no sistema Apollo;Posssível erro de cadastro de usuários
Verificar erro no sistema Apollo;Posssível erro de cadastro de usuários
Verificar erro no sistema Apollo;Posssível erro de cadastro de usuários
Verificar erro no sistema Apollo;Posssível erro de cadastro de usuários
Verificar erro no sistema Apollo;Posssível erro de cadastro de usuários
